Workbook
Name Slicer_Representative: #N/A

Sheet Sheet1
A1: Data returned for call count, Cincinnati, Female (First 1000 rows).
A3: calls[Call number] | B3: calls[Customer ID] | C3: calls[Duration] | D3: calls[Representative] | E3: calls[Date of Call] | F3: calls[Purchase Amount] | G3: calls[Satisfaction Rating] | H3: calls[FY] | I3: calls[Day of week] | J3: calls[Duration Bucket] | K3: calls[Rating rounded] | L3: calls[Date of Call (Month)] | M3: calls[Date of Call (Month Index)]
A4: Call_7275 | B4: C0011 | C4: 128 | D4: R01 | E4: 44928 | F4: 31 | G4: 2.8 | H4: 2023 | I4: Monday | J4: More than 2 hours | K4: 3 | L4: Jan | M4: 1
A5: Call_7276 | B5: C0011 | C5: 49 | D5: R02 | E5: 44929 | F5: 135 | G5: 4.8 | H5: 2023 | I5: Tuesday | J5: 30 to 60 mins | K5: 5 | L5: Jan | M5: 1
A6: Call_7281 | B6: C0011 | C6: 102 | D6: R02 | E6: 44929 | F6: 69 | G6: 4.9 | H6: 2023 | I6: Tuesday | J6: 1 to 2 hours | K6: 5 | L6: Jan | M6: 1
A7: Call_7296 | B7: C0012 | C7: 28 | D7: R05 | E7: 44935 | F7: 63 | G7: 4.1 | H7: 2023 | I7: Monday | J7: 10 to 30 mins | K7: 4 | L7: Jan | M7: 1
A8: Call_7298 | B8: C0011 | C8: 81 | D8: R05 | E8: 44936 | F8: 50 | G8: 4.6 | H8: 2023 | I8: Tuesday | J8: 1 to 2 hours | K8: 5 | L8: Jan | M8: 1
A9: Call_7302 | B9: C0011 | C9: 82 | D9: R05 | E9: 44938 | F9: 42 | G9: 3.7 | H9: 2023 | I9: Thursday | J9: 1 to 2 hours | K9: 4 | L9: Jan | M9: 1
A10: Call_7303 | B10: C0011 | C10: 29 | D10: R01 | E10: 44938 | F10: 170 | G10: 5 | H10: 2023 | I10: Thursday | J10: 10 to 30 mins | K10: 5 | L10: Jan | M10: 1
A11: Call_7316 | B11: C0011 | C11: 13 | D11: R03 | E11: 44945 | F11: 32 | G11: 4.4 | H11: 2023 | I11: Thursday | J11: 10 to 30 mins | K11: 4 | L11: Jan | M11: 1
A12: Call_7320 | B12: C0012 | C12: 37 | D12: R02 | E12: 44946 | F12: 96 | G12: 3.6 | H12: 2023 | I12: Friday | J12: 30 to 60 mins | K12: 4 | L12: Jan | M12: 1
A13: Call_7326 | B13: C0012 | C13: 83 | D13: R01 | E13: 44948 | F13: 28 | G13: 4.5 | H13: 2023 | I13: Sunday | J13: 1 to 2 hours | K13: 5 | L13: Jan | M13: 1
A14: Call_7329 | B14: C0011 | C14: 63 | D14: R05 | E14: 44949 | F14: 160 | G14: 4.3 | H14: 2023 | I14: Monday | J14: 1 to 2 hours | K14: 4 | L14: Jan | M14: 1
A15: Call_7346 | B15: C0011 | C15: 69 | D15: R03 | E15: 44956 | F15: 108 | G15: 3.3 | H15: 2023 | I15: Monday | J15: 1 to 2 hours | K15: 3 | L15: Jan | M15: 1
... A147: Call_8262 | B147: C0011 | C147: 40 | D147: R02 | E147: 45289 | F147: 111 | G147: 4.6 | H147: 2024 | I147: Friday | J147: 30 to 60 mins | K147: 5 | L147: Dec | M147: 12

Sheet pivot
A3: call count | B3: Total Amount | C3: Total duration | D3: Avg rating | E3: 5 * calls
A4: 1000 | B4: 96623 | C4: 89850 | D4: 3.8854 | E4: 307
A13: call count | B13: Total Amount | C13: Total duration | D13: Avg rating | E13: 5 * calls
A14: 207 | B14: 20872 | C14: 17700 | D14: 3.8589372 | E14: 60
J19: Row Labels | K19: call count
J20: Sunday | K20: 30
J21: Monday | K21: 34
A22: Row Labels | B22: call count | C22: call count2 | J22: Tuesday | K22: 26
A23: Jan | B23: 13 | C23: 13 | J23: Wednesday | K23: 38
A24: Feb | B24: 13 | C24: 13 | J24: Thursday | K24: 27
A25: Mar | B25: 28 | C25: 28 | J25: Friday | K25: 27
A26: Apr | B26: 24 | C26: 24 | J26: Saturday | K26: 25
A27: May | B27: 23 | C27: 23 | J27: Grand Total | K27: 207
A28: Jun | B28: 17 | C28: 17
A29: Jul | B29: 11 | C29: 11
A30: Aug | B30: 11 | C30: 11
A31: Sep | B31: 14 | C31: 14
A32: Oct | B32: 30 | C32: 30
A33: Nov | B33: 14 | C33: 14
A34: Dec | B34: 9 | C34: 9
A35: Grand Total | B35: 207 | C35: 207
I42: selected rep | J42: =A58 -> R03
G44: rep | H44: calls | I44: total amount | J44: sell call | K44: sell amount
A45: Row Labels | B45: call count | C45: Total Amount | G45: R01 | H45: 189 | I45: 18415 | J45: =IF(G45=$J$42,H45,NA()) -> #N/A | K45: =IF(G45=$J$42,I45,NA()) -> #N/A
A46: R01 | B46: 189 | C46: 18415 | G46: R02 | H46: 218 | I46: 20581 | J46: =IF(G46=$J$42,H46,NA()) -> #N/A | K46: =IF(G46=$J$42,I46,NA()) -> #N/A
A47: R02 | B47: 218 | C47: 20581 | G47: R03 | H47: 207 | I47: 20872 | J47: =IF(G47=$J$42,H47,NA()) -> 207 | K47: =IF(G47=$J$42,I47,NA()) -> 20872
A48: R03 | B48: 207 | C48: 20872 | G48: R04 | H48: 186 | I48: 16651 | J48: =IF(G48=$J$42,H48,NA()) -> #N/A | K48: =IF(G48=$J$42,I48,NA()) -> #N/A
A49: R04 | B49: 186 | C49: 16651 | G49: R05 | H49: 200 | I49: 20104 | J49: =IF(G49=$J$42,H49,NA()) -> #N/A | K49: =IF(G49=$J$42,I49,NA()) -> #N/A
A50: R05 | B50: 200 | C50: 20104
A51: Grand Total | B51: 1000 | C51: 96623
A57: Row Labels | H57: Rep summary
A58: R03
H59: % calls | I59: =$A$14/$A$4 -> 0.207
H60: calls | I60: =_xlfn.XLOOKUP(A58,G45:G49,H45:H49) -> #NAME?
H61: Amount | I61: =_xlfn.XLOOKUP(A58,G45:G49,I45:I49) -> #NAME?
H63: call Rank | I63: =_xlfn.RANK.AVG(I60,H45:H49) -> #NAME?
H64: Amount Rank | I64: =_xlfn.RANK.AVG(I61,I45:I49) -> #NAME?
H66: Labels
I67: ="%of calls:"&TEXT(I59,"0%") -> %of calls:21%
I68: =IF(COUNTA(A58:A62)>1,"","call Rank:"&I63) -> #NAME?
A69: call count | B69: Column Labels | I69: =IF(COUNTA(A58:A62)>1,"","Amount Rank:"&I64) -> #NAME?
A70: Row Labels | B70: Female | C70: Male | D70: Grand Total
A71: Cincinnati | B71: 144 | C71: 132 | D71: 276
A72: Cleveland | B72: 326 | C72: 63 | D72: 389 | I72: Image | J72: =xlookup(A58,Assets!E3:E7,Assets!H3:H7) -> #NAME?
A73: Columbus | B73: 129 | C73: 206 | D73: 335
A74: Grand Total | B74: 599 | C74: 401 | D74: 1000
A83: Row Labels | B83: call count
A84: 0 | B84: 1
A85: 1 | B85: 1
A86: 2 | B86: 11
A87: 3 | B87: 46
A88: 4 | B88: 88
A89: 5 | B89: 60 | J89: =Assets!H7 -> 0
A90: Grand Total | B90: 207 | J90: =pivot!H3 -> 0
J91: =Assets!G3 -> 0
J96: =Assets!G3 -> 0
A97: Total Amount | B97: Column Labels
A98: Row Labels | B98: R01 | C98: R02 | D98: R03 | E98: R04 | F98: R05 | G98: Grand Total
A99: Cincinnati
A100: C0003 | B100: 891 | C100: 1332 | D100: 1282 | E100: 739 | F100: 560 | G100: 4804
A101: C0004 | B101: 1991 | C101: 1886 | D101: 1206 | E101: 884 | F101: 1722 | G101: 7689
A102: C0011 | B102: 1163 | C102: 1180 | D102: 1616 | E102: 1043 | F102: 1747 | G102: 6749
A103: C0012 | B103: 1438 | C103: 1616 | D103: 866 | E103: 829 | F103: 2070 | G103: 6819
A104: Cleveland
A105: C0002 | B105: 1233 | C105: 223 | D105: 1680 | E105: 990 | F105: 1508 | G105: 5634
A106: C0007 | B106: 1598 | C106: 1907 | D106: 869 | E106: 1426 | F106: 1416 | G106: 7216
A107: C0008 | B107: 900 | C107: 1016 | D107: 960 | E107: 940 | F107: 1193 | G107: 5009
A108: C0010 | B108: 900 | C108: 1470 | D108: 1617 | E108: 1314 | F108: 941 | G108: 6242
A109: C0013 | B109: 1255 | C109: 516 | D109: 1874 | E109: 1863 | F109: 1722 | G109: 7230
A110: C0015 | B110: 1138 | C110: 1898 | D110: 1482 | E110: 846 | F110: 1154 | G110: 6518
A111: Columbus
A112: C0001 | B112: 1655 | C112: 805 | D112: 2263 | E112: 987 | F112: 1075 | G112: 6785
A113: C0005 | B113: 1104 | C113: 2280 | D113: 1445 | E113: 1722 | F113: 1196 | G113: 7747
A114: C0006 | B114: 372 | C114: 1818 | D114: 1346 | E114: 1156 | F114: 1484 | G114: 6176
A115: C0009 | B115: 1415 | C115: 1271 | D115: 1214 | E115: 1135 | F115: 1566 | G115: 6601
A116: C0014 | B116: 1362 | C116: 1363 | D116: 1152 | E116: 777 | F116: 750 | G116: 5404

Sheet Data
B1: Call Centre Data
B3: Call number | C3: Customer ID | D3: Duration | E3: Representative | F3: Date of Call | G3: Purchase Amount | H3: Satisfaction Rating | I3: FY | J3: Day of week | K3: Duration Bucket | L3: Rating rounded | Q3: Customer ID | R3: Gedner | S3: Age | T3: City
B4: Call_7271 | C4: C0003 | D4: 116 | E4: R05 | F4: 44927 | G4: 128 | H4: 4.9 | I4: =IF(MONTH(calls[[#This Row],[Date of Call]])<=6, YEAR(calls[[#This Row],[Date of Call]]), YEAR(calls[[#This Row],[Date of Call]])+1) -> 2023 | J4: =TEXT(calls[[#This Row],[Date of Call]],"DDDD") -> Sunday | K4: {=_xlfn.IFS(calls[[#This Row],[Duration]]<=10,"Under 10 mins", calls[[#This Row],[Duration]]<=30, "10 to 30 mins", calls[[#This Row],[Duration]]<=60, "30 to 60 mins", calls[[#This Row],[Duration]]<=120, "1 to 2 hours", TRUE, "More than 2 hours")} -> 1 to 2 hours | L4: =ROUND(calls[[#This Row],[Satisfaction Rating]],0) -> 5 | Q4: C0001 | R4: Male | S4: 41 | T4: Columbus
B5: Call_7272 | C5: C0004 | D5: 119 | E5: R05 | F5: 44927 | G5: 135 | H5: 2.9 | I5: =IF(MONTH(calls[[#This Row],[Date of Call]])<=6, YEAR(calls[[#This Row],[Date of Call]]), YEAR(calls[[#This Row],[Date of Call]])+1) -> 2023 | J5: =TEXT(calls[[#This Row],[Date of Call]],"DDDD") -> Sunday | K5: {=_xlfn.IFS(calls[[#This Row],[Duration]]<=10,"Under 10 mins", calls[[#This Row],[Duration]]<=30, "10 to 30 mins", calls[[#This Row],[Duration]]<=60, "30 to 60 mins", calls[[#This Row],[Duration]]<=120, "1 to 2 hours", TRUE, "More than 2 hours")} -> 1 to 2 hours | L5: =ROUND(calls[[#This Row],[Satisfaction Rating]],0) -> 3 | Q5: C0002 | R5: Male | S5: 31 | T5: Cleveland
B6: Call_7273 | C6: C0005 | D6: 68 | E6: R02 | F6: 44927 | G6: 66 | H6: 4.7 | I6: =IF(MONTH(calls[[#This Row],[Date of Call]])<=6, YEAR(calls[[#This Row],[Date of Call]]), YEAR(calls[[#This Row],[Date of Call]])+1) -> 2023 | J6: =TEXT(calls[[#This Row],[Date of Call]],"DDDD") -> Sunday | K6: {=_xlfn.IFS(calls[[#This Row],[Duration]]<=10,"Under 10 mins", calls[[#This Row],[Duration]]<=30, "10 to 30 mins", calls[[#This Row],[Duration]]<=60, "30 to 60 mins", calls[[#This Row],[Duration]]<=120, "1 to 2 hours", TRUE, "More than 2 hours")} -> 1 to 2 hours | L6: =ROUND(calls[[#This Row],[Satisfaction Rating]],0) -> 5 | Q6: C0003 | R6: Male | S6: 26 | T6: Cincinnati
B7: Call_7274 | C7: C0014 | D7: 119 | E7: R02 | F7: 44927 | G7: 22 | H7: 2.9 | I7: =IF(MONTH(calls[[#This Row],[Date of Call]])<=6, YEAR(calls[[#This Row],[Date of Call]]), YEAR(calls[[#This Row],[Date of Call]])+1) -> 2023 | J7: =TEXT(calls[[#This Row],[Date of Call]],"DDDD") -> Sunday | K7: {=_xlfn.IFS(calls[[#This Row],[Duration]]<=10,"Under 10 mins", calls[[#This Row],[Duration]]<=30, "10 to 30 mins", calls[[#This Row],[Duration]]<=60, "30 to 60 mins", calls[[#This Row],[Duration]]<=120, "1 to 2 hours", TRUE, "More than 2 hours")} -> 1 to 2 hours | L7: =ROUND(calls[[#This Row],[Satisfaction Rating]],0) -> 3 | Q7: C0004 | R7: Male | S7: 36 | T7: Cincinnati
B8: Call_7275 | C8: C0011 | D8: 128 | E8: R01 | F8: 44928 | G8: 31 | H8: 2.8 | I8: =IF(MONTH(calls[[#This Row],[Date of Call]])<=6, YEAR(calls[[#This Row],[Date of Call]]), YEAR(calls[[#This Row],[Date of Call]])+1) -> 2023 | J8: =TEXT(calls[[#This Row],[Date of Call]],"DDDD") -> Monday | K8: {=_xlfn.IFS(calls[[#This Row],[Duration]]<=10,"Under 10 mins", calls[[#This Row],[Duration]]<=30, "10 to 30 mins", calls[[#This Row],[Duration]]<=60, "30 to 60 mins", calls[[#This Row],[Duration]]<=120, "1 to 2 hours", TRUE, "More than 2 hours")} -> More than 2 hours | L8: =ROUND(calls[[#This Row],[Satisfaction Rating]],0) -> 3 | Q8: C0005 | R8: Male | S8: 37 | T8: Columbus
B9: Call_7276 | C9: C0011 | D9: 49 | E9: R02 | F9: 44929 | G9: 135 | H9: 4.8 | I9: =IF(MONTH(calls[[#This Row],[Date of Call]])<=6, YEAR(calls[[#This Row],[Date of Call]]), YEAR(calls[[#This Row],[Date of Call]])+1) -> 2023 | J9: =TEXT(calls[[#This Row],[Date of Call]],"DDDD") -> Tuesday | K9: {=_xlfn.IFS(calls[[#This Row],[Duration]]<=10,"Under 10 mins", calls[[#This Row],[Duration]]<=30, "10 to 30 mins", calls[[#This Row],[Duration]]<=60, "30 to 60 mins", calls[[#This Row],[Duration]]<=120, "1 to 2 hours", TRUE, "More than 2 hours")} -> 30 to 60 mins | L9: =ROUND(calls[[#This Row],[Satisfaction Rating]],0) -> 5 | Q9: C0006 | R9: Male | S9: 23 | T9: Columbus
B10: Call_7277 | C10: C0007 | D10: 84 | E10: R05 | F10: 44929 | G10: 60 | H10: 4.7 | I10: =IF(MONTH(calls[[#This Row],[Date of Call]])<=6, YEAR(calls[[#This Row],[Date of Call]]), YEAR(calls[[#This Row],[Date of Call]])+1) -> 2023 | J10: =TEXT(calls[[#This Row],[Date of Call]],"DDDD") -> Tuesday | K10: {=_xlfn.IFS(calls[[#This Row],[Duration]]<=10,"Under 10 mins", calls[[#This Row],[Duration]]<=30, "10 to 30 mins", calls[[#This Row],[Duration]]<=60, "30 to 60 mins", calls[[#This Row],[Duration]]<=120, "1 to 2 hours", TRUE, "More than 2 hours")} -> 1 to 2 hours | L10: =ROUND(calls[[#This Row],[Satisfaction Rating]],0) -> 5 | Q10: C0007 | R10: Female | S10: 22 | T10: Cleveland
B11: Call_7278 | C11: C0003 | D11: 103 | E11: R04 | F11: 44929 | G11: 148 | H11: 4.4 | I11: =IF(MONTH(calls[[#This Row],[Date of Call]])<=6, YEAR(calls[[#This Row],[Date of Call]]), YEAR(calls[[#This Row],[Date of Call]])+1) -> 2023 | J11: =TEXT(calls[[#This Row],[Date of Call]],"DDDD") -> Tuesday | K11: {=_xlfn.IFS(calls[[#This Row],[Duration]]<=10,"Under 10 mins", calls[[#This Row],[Duration]]<=30, "10 to 30 mins", calls[[#This Row],[Duration]]<=60, "30 to 60 mins", calls[[#This Row],[Duration]]<=120, "1 to 2 hours", TRUE, "More than 2 hours")} -> 1 to 2 hours | L11: =ROUND(calls[[#This Row],[Satisfaction Rating]],0) -> 4 | Q11: C0008 | R11: Female | S11: 42 | T11: Cleveland
B12: Call_7279 | C12: C0005 | D12: 31 | E12: R02 | F12: 44929 | G12: 135 | H12: 3.6 | I12: =IF(MONTH(calls[[#This Row],[Date of Call]])<=6, YEAR(calls[[#This Row],[Date of Call]]), YEAR(calls[[#This Row],[Date of Call]])+1) -> 2023 | J12: =TEXT(calls[[#This Row],[Date of Call]],"DDDD") -> Tuesday | K12: {=_xlfn.IFS(calls[[#This Row],[Duration]]<=10,"Under 10 mins", calls[[#This Row],[Duration]]<=30, "10 to 30 mins", calls[[#This Row],[Duration]]<=60, "30 to 60 mins", calls[[#This Row],[Duration]]<=120, "1 to 2 hours", TRUE, "More than 2 hours")} -> 30 to 60 mins | L12: =ROUND(calls[[#This Row],[Satisfaction Rating]],0) -> 4 | Q12: C0009 | R12: Female | S12: 25 | T12: Columbus
B13: Call_7280 | C13: C0010 | D13: 44 | E13: R03 | F13: 44929 | G13: 105 | H13: 2.9 | I13: =IF(MONTH(calls[[#This Row],[Date of Call]])<=6, YEAR(calls[[#This Row],[Date of Call]]), YEAR(calls[[#This Row],[Date of Call]])+1) -> 2023 | J13: =TEXT(calls[[#This Row],[Date of Call]],"DDDD") -> Tuesday | K13: {=_xlfn.IFS(calls[[#This Row],[Duration]]<=10,"Under 10 mins", calls[[#This Row],[Duration]]<=30, "10 to 30 mins", calls[[#This Row],[Duration]]<=60, "30 to 60 mins", calls[[#This Row],[Duration]]<=120, "1 to 2 hours", TRUE, "More than 2 hours")} -> 30 to 60 mins | L13: =ROUND(calls[[#This Row],[Satisfaction Rating]],0) -> 3 | Q13: C0010 | R13: Female | S13: 30 | T13: Cleveland
B14: Call_7281 | C14: C0011 | D14: 102 | E14: R02 | F14: 44929 | G14: 69 | H14: 4.9 | I14: =IF(MONTH(calls[[#This Row],[Date of Call]])<=6, YEAR(calls[[#This Row],[Date of Call]]), YEAR(calls[[#This Row],[Date of Call]])+1) -> 2023 | J14: =TEXT(calls[[#This Row],[Date of Call]],"DDDD") -> Tuesday | K14: {=_xlfn.IFS(calls[[#This Row],[Duration]]<=10,"Under 10 mins", calls[[#This Row],[Duration]]<=30, "10 to 30 mins", calls[[#This Row],[Duration]]<=60, "30 to 60 mins", calls[[#This Row],[Duration]]<=120, "1 to 2 hours", TRUE, "More than 2 hours")} -> 1 to 2 hours | L14: =ROUND(calls[[#This Row],[Satisfaction Rating]],0) -> 5 | Q14: C0011 | R14: Female | S14: 30 | T14: Cincinnati
B15: Call_7282 | C15: C0013 | D15: 135 | E15: R05 | F15: 44929 | G15: 46 | H15: 3.4 | I15: =IF(MONTH(calls[[#This Row],[Date of Call]])<=6, YEAR(calls[[#This Row],[Date of Call]]), YEAR(calls[[#This Row],[Date of Call]])+1) -> 2023 | J15: =TEXT(calls[[#This Row],[Date of Call]],"DDDD") -> Tuesday | K15: {=_xlfn.IFS(calls[[#This Row],[Duration]]<=10,"Under 10 mins", calls[[#This Row],[Duration]]<=30, "10 to 30 mins", calls[[#This Row],[Duration]]<=60, "30 to 60 mins", calls[[#This Row],[Duration]]<=120, "1 to 2 hours", TRUE, "More than 2 hours")} -> More than 2 hours | L15: =ROUND(calls[[#This Row],[Satisfaction Rating]],0) -> 3 | Q15: C0012 | R15: Female | S15: 28 | T15: Cincinnati
... B18: Call_7285 | C18: C0013 | D18: 48 | E18: R01 | F18: 44930 | G18: 68 | H18: 4.9 | I18: =IF(MONTH(calls[[#This Row],[Date of Call]])<=6, YEAR(calls[[#This Row],[Date of Call]]), YEAR(calls[[#This Row],[Date of Call]])+1) -> 2023 | J18: =TEXT(calls[[#This Row],[Date of Call]],"DDDD") -> Wednesday | K18: {=_xlfn.IFS(calls[[#This Row],[Duration]]<=10,"Under 10 mins", calls[[#This Row],[Duration]]<=30, "10 to 30 mins", calls[[#This Row],[Duration]]<=60, "30 to 60 mins", calls[[#This Row],[Duration]]<=120, "1 to 2 hours", TRUE, "More than 2 hours")} -> 30 to 60 mins | L18: =ROUND(calls[[#This Row],[Satisfaction Rating]],0) -> 5 | Q18: C0015 | R18: Female | S18: 43 | T18: Cleveland
B19: Call_7286 | C19: C0010 | D19: 176 | E19: R05 | F19: 44931 | G19: 24 | H19: 4.8 | I19: =IF(MONTH(calls[[#This Row],[Date of Call]])<=6, YEAR(calls[[#This Row],[Date of Call]]), YEAR(calls[[#This Row],[Date of Call]])+1) -> 2023 | J19: =TEXT(calls[[#This Row],[Date of Call]],"DDDD") -> Thursday | K19: {=_xlfn.IFS(calls[[#This Row],[Duration]]<=10,"Under 10 mins", calls[[#This Row],[Duration]]<=30, "10 to 30 mins", calls[[#This Row],[Duration]]<=60, "30 to 60 mins", calls[[#This Row],[Duration]]<=120, "1 to 2 hours", TRUE, "More than 2 hours")} -> More than 2 hours | L19: =ROUND(calls[[#This Row],[Satisfaction Rating]],0) -> 5
B20: Call_7287 | C20: C0010 | D20: 99 | E20: R01 | F20: 44931 | G20: 195 | H20: 3.9 | I20: =IF(MONTH(calls[[#This Row],[Date of Call]])<=6, YEAR(calls[[#This Row],[Date of Call]]), YEAR(calls[[#This Row],[Date of Call]])+1) -> 2023 | J20: =TEXT(calls[[#This Row],[Date of Call]],"DDDD") -> Thursday | K20: {=_xlfn.IFS(calls[[#This Row],[Duration]]<=10,"Under 10 mins", calls[[#This Row],[Duration]]<=30, "10 to 30 mins", calls[[#This Row],[Duration]]<=60, "30 to 60 mins", calls[[#This Row],[Duration]]<=120, "1 to 2 hours", TRUE, "More than 2 hours")} -> 1 to 2 hours | L20: =ROUND(calls[[#This Row],[Satisfaction Rating]],0) -> 4
B21: Call_7288 | C21: C0009 | D21: 28 | E21: R03 | F21: 44931 | G21: 28 | H21: 3.8 | I21: =IF(MONTH(calls[[#This Row],[Date of Call]])<=6, YEAR(calls[[#This Row],[Date of Call]]), YEAR(calls[[#This Row],[Date of Call]])+1) -> 2023 | J21: =TEXT(calls[[#This Row],[Date of Call]],"DDDD") -> Thursday | K21: {=_xlfn.IFS(calls[[#This Row],[Duration]]<=10,"Under 10 mins", calls[[#This Row],[Duration]]<=30, "10 to 30 mins", calls[[#This Row],[Duration]]<=60, "30 to 60 mins", calls[[#This Row],[Duration]]<=120, "1 to 2 hours", TRUE, "More than 2 hours")} -> 10 to 30 mins | L21: =ROUND(calls[[#This Row],[Satisfaction Rating]],0) -> 4
B22: Call_7289 | C22: C0007 | D22: 54 | E22: R02 | F22: 44931 | G22: 170 | H22: 4.3 | I22: =IF(MONTH(calls[[#This Row],[Date of Call]])<=6, YEAR(calls[[#This Row],[Date of Call]]), YEAR(calls[[#This Row],[Date of Call]])+1) -> 2023 | J22: =TEXT(calls[[#This Row],[Date of Call]],"DDDD") -> Thursday | K22: {=_xlfn.IFS(calls[[#This Row],[Duration]]<=10,"Under 10 mins", calls[[#This Row],[Duration]]<=30, "10 to 30 mins", calls[[#This Row],[Duration]]<=60, "30 to 60 mins", calls[[#This Row],[Duration]]<=120, "1 to 2 hours", TRUE, "More than 2 hours")} -> 30 to 60 mins | L22: =ROUND(calls[[#This Row],[Satisfaction Rating]],0) -> 4
B23: Call_7290 | C23: C0006 | D23: 48 | E23: R05 | F23: 44932 | G23: 30 | H23: 4.4 | I23: =IF(MONTH(calls[[#This Row],[Date of Call]])<=6, YEAR(calls[[#This Row],[Date of Call]]), YEAR(calls[[#This Row],[Date of Call]])+1) -> 2023 | J23: =TEXT(calls[[#This Row],[Date of Call]],"DDDD") -> Friday | K23: {=_xlfn.IFS(calls[[#This Row],[Duration]]<=10,"Under 10 mins", calls[[#This Row],[Duration]]<=30, "10 to 30 mins", calls[[#This Row],[Duration]]<=60, "30 to 60 mins", calls[[#This Row],[Duration]]<=120, "1 to 2 hours", TRUE, "More than 2 hours")} -> 30 to 60 mins | L23: =ROUND(calls[[#This Row],[Satisfaction Rating]],0) -> 4
B24: Call_7291 | C24: C0004 | D24: 128 | E24: R05 | F24: 44932 | G24: 72 | H24: 5 | I24: =IF(MONTH(calls[[#This Row],[Date of Call]])<=6, YEAR(calls[[#This Row],[Date of Call]]), YEAR(calls[[#This Row],[Date of Call]])+1) -> 2023 | J24: =TEXT(calls[[#This Row],[Date of Call]],"DDDD") -> Friday | K24: {=_xlfn.IFS(calls[[#This Row],[Duration]]<=10,"Under 10 mins", calls[[#This Row],[Duration]]<=30, "10 to 30 mins", calls[[#This Row],[Duration]]<=60, "30 to 60 mins", calls[[#This Row],[Duration]]<=120, "1 to 2 hours", TRUE, "More than 2 hours")} -> More than 2 hours | L24: =ROUND(calls[[#This Row],[Satisfaction Rating]],0) -> 5
B25: Call_7292 | C25: C0004 | D25: 38 | E25: R04 | F25: 44933 | G25: 92 | H25: 4.9 | I25: =IF(MONTH(calls[[#This Row],[Date of Call]])<=6, YEAR(calls[[#This Row],[Date of Call]]), YEAR(calls[[#This Row],[Date of Call]])+1) -> 2023 | J25: =TEXT(calls[[#This Row],[Date of Call]],"DDDD") -> Saturday | K25: {=_xlfn.IFS(calls[[#This Row],[Duration]]<=10,"Under 10 mins", calls[[#This Row],[Duration]]<=30, "10 to 30 mins", calls[[#This Row],[Duration]]<=60, "30 to 60 mins", calls[[#This Row],[Duration]]<=120, "1 to 2 hours", TRUE, "More than 2 hours")} -> 30 to 60 mins | L25: =ROUND(calls[[#This Row],[Satisfaction Rating]],0) -> 5
B26: Call_7293 | C26: C0003 | D26: 67 | E26: R04 | F26: 44934 | G26: 165 | H26: 4.5 | I26: =IF(MONTH(calls[[#This Row],[Date of Call]])<=6, YEAR(calls[[#This Row],[Date of Call]]), YEAR(calls[[#This Row],[Date of Call]])+1) -> 2023 | J26: =TEXT(calls[[#This Row],[Date of Call]],"DDDD") -> Sunday | K26: {=_xlfn.IFS(calls[[#This Row],[Duration]]<=10,"Under 10 mins", calls[[#This Row],[Duration]]<=30, "10 to 30 mins", calls[[#This Row],[Duration]]<=60, "30 to 60 mins", calls[[#This Row],[Duration]]<=120, "1 to 2 hours", TRUE, "More than 2 hours")} -> 1 to 2 hours | L26: =ROUND(calls[[#This Row],[Satisfaction Rating]],0) -> 5
B27: Call_7294 | C27: C0015 | D27: 58 | E27: R02 | F27: 44934 | G27: 140 | H27: 2.1 | I27: =IF(MONTH(calls[[#This Row],[Date of Call]])<=6, YEAR(calls[[#This Row],[Date of Call]]), YEAR(calls[[#This Row],[Date of Call]])+1) -> 2023 | J27: =TEXT(calls[[#This Row],[Date of Call]],"DDDD") -> Sunday | K27: {=_xlfn.IFS(calls[[#This Row],[Duration]]<=10,"Under 10 mins", calls[[#This Row],[Duration]]<=30, "10 to 30 mins", calls[[#This Row],[Duration]]<=60, "30 to 60 mins", calls[[#This Row],[Duration]]<=120, "1 to 2 hours", TRUE, "More than 2 hours")} -> 30 to 60 mins | L27: =ROUND(calls[[#This Row],[Satisfaction Rating]],0) -> 2
B28: Call_7295 | C28: C0010 | D28: 54 | E28: R01 | F28: 44934 | G28: 111 | H28: 3.3 | I28: =IF(MONTH(calls[[#This Row],[Date of Call]])<=6, YEAR(calls[[#This Row],[Date of Call]]), YEAR(calls[[#This Row],[Date of Call]])+1) -> 2023 | J28: =TEXT(calls[[#This Row],[Date of Call]],"DDDD") -> Sunday | K28: {=_xlfn.IFS(calls[[#This Row],[Duration]]<=10,"Under 10 mins", calls[[#This Row],[Duration]]<=30, "10 to 30 mins", calls[[#This Row],[Duration]]<=60, "30 to 60 mins", calls[[#This Row],[Duration]]<=120, "1 to 2 hours", TRUE, "More than 2 hours")} -> 30 to 60 mins | L28: =ROUND(calls[[#This Row],[Satisfaction Rating]],0) -> 3
B29: Call_7296 | C29: C0012 | D29: 28 | E29: R05 | F29: 44935 | G29: 63 | H29: 4.1 | I29: =IF(MONTH(calls[[#This Row],[Date of Call]])<=6, YEAR(calls[[#This Row],[Date of Call]]), YEAR(calls[[#This Row],[Date of Call]])+1) -> 2023 | J29: =TEXT(calls[[#This Row],[Date of Call]],"DDDD") -> Monday | K29: {=_xlfn.IFS(calls[[#This Row],[Duration]]<=10,"Under 10 mins", calls[[#This Row],[Duration]]<=30, "10 to 30 mins", calls[[#This Row],[Duration]]<=60, "30 to 60 mins", calls[[#This Row],[Duration]]<=120, "1 to 2 hours", TRUE, "More than 2 hours")} -> 10 to 30 mins | L29: =ROUND(calls[[#This Row],[Satisfaction Rating]],0) -> 4
B30: Call_7297 | C30: C0002 | D30: 73 | E30: R05 | F30: 44935 | G30: 80 | H30: 4.2 | I30: =IF(MONTH(calls[[#This Row],[Date of Call]])<=6, YEAR(calls[[#This Row],[Date of Call]]), YEAR(calls[[#This Row],[Date of Call]])+1) -> 2023 | J30: =TEXT(calls[[#This Row],[Date of Call]],"DDDD") -> Monday | K30: {=_xlfn.IFS(calls[[#This Row],[Duration]]<=10,"Under 10 mins", calls[[#This Row],[Duration]]<=30, "10 to 30 mins", calls[[#This Row],[Duration]]<=60, "30 to 60 mins", calls[[#This Row],[Duration]]<=120, "1 to 2 hours", TRUE, "More than 2 hours")} -> 1 to 2 hours | L30: =ROUND(calls[[#This Row],[Satisfaction Rating]],0) -> 4
... B1003: Call_8270 | C1003: C0009 | D1003: 114 | E1003: R01 | F1003: 45291 | G1003: 40 | H1003: 3.9 | I1003: =IF(MONTH(calls[[#This Row],[Date of Call]])<=6, YEAR(calls[[#This Row],[Date of Call]]), YEAR(calls[[#This Row],[Date of Call]])+1) -> 2024 | J1003: =TEXT(calls[[#This Row],[Date of Call]],"DDDD") -> Sunday | K1003: {=_xlfn.IFS(calls[[#This Row],[Duration]]<=10,"Under 10 mins", calls[[#This Row],[Duration]]<=30, "10 to 30 mins", calls[[#This Row],[Duration]]<=60, "30 to 60 mins", calls[[#This Row],[Duration]]<=120, "1 to 2 hours", TRUE, "More than 2 hours")} -> 1 to 2 hours | L1003: =ROUND(calls[[#This Row],[Satisfaction Rating]],0) -> 4

Sheet Assets
E2: Rep ID | F2: Rep Image
E3: R01 | F3: #VALUE!
E4: R02 | F4: #VALUE!
E5: R03 | F5: #VALUE!
E6: R04 | F6: #VALUE!
E7: R05 | F7: #VALUE!

Sheet dash board 1
V20: {=pivot!B98:F98} -> R01 | W20: R02 | X20: R03 | Y20: R04 | Z20: R05 | AA20: Total
U21: {=IF(pivot!A99:G116="","",pivot!A99:G116)} -> Cincinnati
U22: C0003 | V22: 891 | W22: 1332 | X22: 1282 | Y22: 739 | Z22: 560 | AA22: 4804
U23: C0004 | V23: 1991 | W23: 1886 | X23: 1206 | Y23: 884 | Z23: 1722 | AA23: 7689
U24: C0011 | V24: 1163 | W24: 1180 | X24: 1616 | Y24: 1043 | Z24: 1747 | AA24: 6749
U25: C0012 | V25: 1438 | W25: 1616 | X25: 866 | Y25: 829 | Z25: 2070 | AA25: 6819
U26: Cleveland
U27: C0002 | V27: 1233 | W27: 223 | X27: 1680 | Y27: 990 | Z27: 1508 | AA27: 5634
U28: C0007 | V28: 1598 | W28: 1907 | X28: 869 | Y28: 1426 | Z28: 1416 | AA28: 7216
U29: C0008 | V29: 900 | W29: 1016 | X29: 960 | Y29: 940 | Z29: 1193 | AA29: 5009
U30: C0010 | V30: 900 | W30: 1470 | X30: 1617 | Y30: 1314 | Z30: 941 | AA30: 6242
U31: C0013 | V31: 1255 | W31: 516 | X31: 1874 | Y31: 1863 | Z31: 1722 | AA31: 7230
U32: C0015 | V32: 1138 | W32: 1898 | X32: 1482 | Y32: 846 | Z32: 1154 | AA32: 6518
U33: Columbus
U34: C0001 | V34: 1655 | W34: 805 | X34: 2263 | Y34: 987 | Z34: 1075 | AA34: 6785
U35: C0005 | V35: 1104 | W35: 2280 | X35: 1445 | Y35: 1722 | Z35: 1196 | AA35: 7747
U36: C0006 | V36: 372 | W36: 1818 | X36: 1346 | Y36: 1156 | Z36: 1484 | AA36: 6176
U37: C0009 | V37: 1415 | W37: 1271 | X37: 1214 | Y37: 1135 | Z37: 1566 | AA37: 6601
U38: C0014 | V38: 1362 | W38: 1363 | X38: 1152 | Y38: 777 | Z38: 750 | AA38: 5404
